Date,Open,High,Low,Close,Adj Close,Volume,Name
2021-10-25,19.15999984741211,19.299999237060547,18.899999618530273,19.229999542236328,19.229999542236328,27977600,AAL
2021-10-26,19.34000015258789,19.81999969482422,19.239999771118164,19.389999389648438,19.389999389648438,31007900,AAL
2021-10-27,19.450000762939453,19.56999969482422,18.969999313354492,19.030000686645508,19.030000686645508,22215000,AAL
2021-10-28,19.110000610351562,19.239999771118164,18.850000381469727,19.190000534057617,19.190000534057617,26506900,AAL
2021-10-29,19.18000030517578,19.450000762939453,19.010000228881836,19.200000762939453,19.200000762939453,21679000,AAL
2021-11-01,19.09000015258789,19.780000686645508,18.8700008392334,19.770000457763672,19.770000457763672,32308500,AAL
2021-11-02,19.670000076293945,19.889999389648438,19.56999969482422,19.829999923706055,19.829999923706055,19979100,AAL
2021-11-03,19.81999969482422,20.670000076293945,19.729999542236328,20.6299991607666,20.6299991607666,35014100,AAL
2021-11-04,20.729999542236328,20.84000015258789,20.350000381469727,20.6299991607666,20.6299991607666,23940500,AAL
2021-11-05,21.90999984741211,22.059999465942383,21.260000228881836,21.81999969482422,21.81999969482422,58082500,AAL
2021-11-08,22.190000534057617,22.350000381469727,21.84000015258789,22.25,22.25,35774400,AAL
2021-11-09,22.1200008392334,22.329999923706055,21.700000762939453,22.260000228881836,22.260000228881836,22013200,AAL
2021-11-10,21.829999923706055,22.030000686645508,21.450000762939453,21.56999969482422,21.56999969482422,22330900,AAL
2021-11-11,21.600000381469727,21.790000915527344,21.299999237060547,21.329999923706055,21.329999923706055,18499300,AAL
2021-11-12,21.34000015258789,21.360000610351562,20.059999465942383,20.290000915527344,20.290000915527344,48375400,AAL
2021-11-15,20.399999618530273,20.56999969482422,20.200000762939453,20.31999969482422,20.31999969482422,20874000,AAL
2021-11-16,20.229999542236328,20.25,19.540000915527344,19.84000015258789,19.84000015258789,36075200,AAL
2021-11-17,19.709999084472656,20.059999465942383,19.579999923706055,19.860000610351562,19.860000610351562,17862800,AAL
2021-11-18,19.8700008392334,19.93000030517578,19.139999389648438,19.389999389648438,19.389999389648438,31051900,AAL
2021-11-19,19.139999389648438,19.440000534057617,18.940000534057617,19.280000686645508,19.280000686645508,31259800,AAL
2021-11-22,19.559999465942383,19.760000228881836,19.049999237060547,19.6299991607666,19.6299991607666,33220600,AAL
2021-11-23,19.75,20.139999389648438,19.31999969482422,19.469999313354492,19.469999313354492,30427300,AAL
2021-11-24,19.329999923706055,19.549999237060547,19.06999969482422,19.459999084472656,19.459999084472656,21323300,AAL
2021-11-26,18.270000457763672,18.270000457763672,16.899999618530273,17.75,17.75,84177500,AAL
2021-11-29,18.149999618530273,18.260000228881836,17.420000076293945,17.739999771118164,17.739999771118164,42940300,AAL
2021-11-30,17.440000534057617,17.739999771118164,16.920000076293945,17.690000534057617,17.690000534057617,49870100,AAL
2021-12-01,17.940000534057617,18.239999771118164,16.260000228881836,16.280000686645508,16.280000686645508,82030100,AAL
2021-12-02,16.489999771118164,17.440000534057617,16.149999618530273,17.420000076293945,17.420000076293945,58808900,AAL
2021-12-03,17.270000457763672,17.290000915527344,16.34000015258789,16.6200008392334,16.6200008392334,57884000,AAL
2021-12-06,16.950000762939453,18.540000915527344,16.90999984741211,17.93000030517578,17.93000030517578,74005500,AAL
2021-12-07,18.31999969482422,18.709999084472656,17.719999313354492,17.889999389648438,17.889999389648438,50249900,AAL
2021-12-08,17.959999084472656,18.8700008392334,17.8799991607666,18.229999542236328,18.229999542236328,46340600,AAL
2021-12-09,18.040000915527344,18.290000915527344,17.850000381469727,18.139999389648438,18.139999389648438,36027700,AAL
2021-12-10,18.06999969482422,18.1299991607666,17.6299991607666,18.010000228881836,18.010000228881836,28696100,AAL
2021-12-13,17.549999237060547,17.649999618530273,16.850000381469727,17.1200008392334,17.1200008392334,40783900,AAL
2021-12-14,16.81999969482422,17.469999313354492,16.809999465942383,16.90999984741211,16.90999984741211,30171300,AAL
2021-12-15,16.950000762939453,17.09000015258789,16.270000457763672,16.989999771118164,16.989999771118164,39939400,AAL
2021-12-16,17.25,17.389999389648438,16.43000030517578,16.520000457763672,16.520000457763672,31751200,AAL
2021-12-17,16.65999984741211,17.299999237060547,16.399999618530273,16.950000762939453,16.950000762939453,41330600,AAL
2021-12-20,16.5,17.780000686645508,16.450000762939453,17.299999237060547,17.299999237060547,44479100,AAL
2021-12-21,17.450000762939453,18.459999084472656,17.399999618530273,18.1200008392334,18.1200008392334,47592000,AAL
2021-12-22,18.18000030517578,18.5,17.90999984741211,18.260000228881836,18.260000228881836,29523000,AAL
2021-12-23,18.59000015258789,18.719999313354492,18.149999618530273,18.260000228881836,18.260000228881836,32321000,AAL
2021-12-27,17.65999984741211,18.239999771118164,17.549999237060547,18.170000076293945,18.170000076293945,28059300,AAL
2021-12-28,18.030000686645508,18.639999389648438,17.920000076293945,18.540000915527344,18.540000915527344,28263600,AAL
2021-12-29,18.399999618530273,18.43000030517578,17.989999771118164,18.049999237060547,18.049999237060547,22627000,AAL
2021-12-30,17.979999542236328,18.3799991607666,17.959999084472656,18.06999969482422,18.06999969482422,28158200,AAL
2021-12-31,18.06999969482422,18.360000610351562,17.93000030517578,17.959999084472656,17.959999084472656,20657000,AAL
2022-01-03,18.229999542236328,19.18000030517578,18.200000762939453,18.75,18.75,42781000,AAL
2022-01-04,19.219999313354492,19.459999084472656,18.850000381469727,19.020000457763672,19.020000457763672,29266600,AAL
2022-01-05,19.1299991607666,19.389999389648438,18.510000228881836,18.68000030517578,18.68000030517578,34447900,AAL
2022-01-06,18.889999389648438,19.059999465942383,18.350000381469727,18.56999969482422,18.56999969482422,19097700,AAL
2022-01-07,18.75,19.59000015258789,18.579999923706055,19.280000686645508,19.280000686645508,42399500,AAL
2022-01-10,19.239999771118164,19.389999389648438,18.68000030517578,18.790000915527344,18.790000915527344,25707700,AAL
2022-01-11,18.8799991607666,19.200000762939453,18.709999084472656,19.020000457763672,19.020000457763672,22531500,AAL
2022-01-12,19.15999984741211,19.260000228881836,18.350000381469727,18.5,18.5,41140900,AAL
2022-01-13,18.729999542236328,19.760000228881836,18.6299991607666,19.34000015258789,19.34000015258789,55911800,AAL
2022-01-14,19.110000610351562,19.15999984741211,18.399999618530273,18.489999771118164,18.489999771118164,44983100,AAL
2022-01-18,18.229999542236328,18.610000610351562,17.770000457763672,17.899999618530273,17.899999618530273,39736900,AAL
2022-01-19,17.899999618530273,17.90999984741211,17.290000915527344,17.309999465942383,17.309999465942383,36133100,AAL
2022-01-20,17.6299991607666,17.729999542236328,16.68000030517578,16.760000228881836,16.760000228881836,54892800,AAL
2022-01-21,16.770000457763672,16.780000686645508,16.09000015258789,16.299999237060547,16.299999237060547,52547500,AAL
2022-01-24,15.850000381469727,16.440000534057617,15.380000114440918,16.40999984741211,16.40999984741211,59941000,AAL
2022-01-25,16.049999237060547,16.540000915527344,15.890000343322754,16.459999084472656,16.459999084472656,42471600,AAL
2022-01-26,16.700000762939453,16.969999313354492,16.139999389648438,16.239999771118164,16.239999771118164,39331800,AAL
2022-01-27,16.43000030517578,16.84000015258789,15.619999885559082,15.779999732971191,15.779999732971191,43507400,AAL
2022-01-28,15.670000076293945,15.779999732971191,14.90999984741211,15.640000343322754,15.640000343322754,51662600,AAL
2022-01-31,15.550000190734863,16.469999313354492,15.399999618530273,16.469999313354492,16.469999313354492,35533500,AAL
2022-02-01,16.559999465942383,16.969999313354492,16.40999984741211,16.829999923706055,16.829999923706055,30798800,AAL
2022-02-02,16.8799991607666,17.149999618530273,16.489999771118164,16.959999084472656,16.959999084472656,37904200,AAL
2022-02-03,16.649999618530273,17.18000030517578,16.549999237060547,16.56999969482422,16.56999969482422,30642800,AAL
2022-02-04,16.540000915527344,16.56999969482422,16.040000915527344,16.450000762939453,16.450000762939453,38585200,AAL
2022-02-07,16.690000534057617,17.510000228881836,16.639999389648438,17.280000686645508,17.280000686645508,52927500,AAL
2022-02-08,17.399999618530273,18.280000686645508,17.209999084472656,18.260000228881836,18.260000228881836,46702500,AAL
2022-02-09,18.450000762939453,18.969999313354492,18.350000381469727,18.760000228881836,18.760000228881836,42407300,AAL
2022-02-10,18.420000076293945,19.079999923706055,18.350000381469727,18.709999084472656,18.709999084472656,36411800,AAL
2022-02-11,18.59000015258789,18.979999542236328,17.440000534057617,17.610000610351562,17.610000610351562,50338900,AAL
2022-02-14,17.850000381469727,18.309999465942383,17.350000381469727,17.43000030517578,17.43000030517578,37446600,AAL
2022-02-15,18.31999969482422,18.90999984741211,18.1200008392334,18.84000015258789,18.84000015258789,46447100,AAL
2022-02-16,18.56999969482422,19.110000610351562,18.5,18.81999969482422,18.81999969482422,30557500,AAL
2022-02-17,18.540000915527344,18.670000076293945,18.030000686645508,18.219999313354492,18.219999313354492,29950300,AAL
2022-02-18,18.219999313354492,18.40999984741211,17.75,17.8700008392334,17.8700008392334,30507500,AAL
2022-02-22,17.440000534057617,17.950000762939453,17.290000915527344,17.43000030517578,17.43000030517578,32432700,AAL
2022-02-23,17.6200008392334,17.760000228881836,16.610000610351562,16.639999389648438,16.639999389648438,35359100,AAL
2022-02-24,15.65999984741211,17.0,15.479999542236328,16.959999084472656,16.959999084472656,56881500,AAL
2022-02-25,17.15999984741211,17.729999542236328,16.989999771118164,17.459999084472656,17.459999084472656,43874100,AAL
2022-02-28,17.040000915527344,17.43000030517578,16.549999237060547,17.25,17.25,51465700,AAL
2022-03-01,16.969999313354492,17.06999969482422,16.079999923706055,16.290000915527344,16.290000915527344,50513700,AAL
2022-03-02,16.5,16.920000076293945,16.290000915527344,16.3700008392334,16.3700008392334,43654300,AAL
2022-03-03,16.6299991607666,16.75,15.609999656677246,15.710000038146973,15.710000038146973,47575100,AAL
2022-03-04,15.270000457763672,15.479999542236328,14.420000076293945,14.59000015258789,14.59000015258789,76212200,AAL
2022-03-07,14.319999694824219,14.619999885559082,12.770000457763672,12.84000015258789,12.84000015258789,89360300,AAL
2022-03-08,13.039999961853027,14.270000457763672,12.4399995803833,13.510000228881836,13.510000228881836,88067100,AAL
2022-03-09,14.4399995803833,14.75,14.050000190734863,14.300000190734863,14.300000190734863,88884200,AAL
2022-03-10,13.819999694824219,14.4399995803833,13.460000038146973,14.199999809265137,14.199999809265137,56571700,AAL
2022-03-11,14.399999618530273,14.5600004196167,13.899999618530273,14.020000457763672,14.020000457763672,48409500,AAL
2022-03-14,14.039999961853027,14.829999923706055,13.699999809265137,14.25,14.25,53284300,AAL
2022-03-15,14.90999984741211,15.800000190734863,14.899999618530273,15.569999694824219,15.569999694824219,76398400,AAL
2022-03-16,15.850000381469727,16.489999771118164,15.529999732971191,16.469999313354492,16.469999313354492,66907400,AAL
2022-03-17,16.059999465942383,16.56999969482422,15.890000343322754,16.549999237060547,16.549999237060547,41996300,AAL
2022-03-18,16.350000381469727,16.84000015258789,16.15999984741211,16.75,16.75,39040200,AAL
2022-03-21,16.5,16.540000915527344,15.899999618530273,16.09000015258789,16.09000015258789,45852600,AAL
2022-03-22,16.200000762939453,16.760000228881836,16.09000015258789,16.559999465942383,16.559999465942383,40143400,AAL
2022-03-23,16.309999465942383,16.459999084472656,16.170000076293945,16.209999084472656,16.209999084472656,31336000,AAL
2022-03-24,16.309999465942383,16.760000228881836,16.100000381469727,16.719999313354492,16.719999313354492,33894000,AAL
2022-03-25,16.75,17.440000534057617,16.739999771118164,17.010000228881836,17.010000228881836,39510300,AAL
2022-03-28,17.270000457763672,17.3799991607666,16.81999969482422,17.299999237060547,17.299999237060547,29985300,AAL
2022-03-29,17.889999389648438,18.43000030517578,17.860000610351562,18.15999984741211,18.15999984741211,58105500,AAL
2022-03-30,17.920000076293945,18.25,17.770000457763672,18.049999237060547,18.049999237060547,28866400,AAL
2022-03-31,18.15999984741211,18.450000762939453,17.979999542236328,18.25,18.25,33338200,AAL
2022-04-01,18.299999237060547,18.399999618530273,18.06999969482422,18.239999771118164,18.239999771118164,25182700,AAL
2022-04-04,18.15999984741211,18.3700008392334,17.719999313354492,18.229999542236328,18.229999542236328,23037400,AAL
2022-04-05,18.350000381469727,18.56999969482422,17.579999923706055,17.84000015258789,17.84000015258789,35187300,AAL
2022-04-06,17.260000228881836,17.670000076293945,16.829999923706055,17.3799991607666,17.3799991607666,40217800,AAL
2022-04-07,17.139999389648438,17.25,16.3700008392334,16.950000762939453,16.950000762939453,42285200,AAL
2022-04-08,16.8700008392334,17.020000457763672,16.56999969482422,16.59000015258789,16.59000015258789,22627700,AAL
2022-04-11,16.5,17.229999542236328,16.40999984741211,16.969999313354492,16.969999313354492,24886200,AAL
2022-04-12,17.1299991607666,17.15999984741211,16.690000534057617,17.1299991607666,17.1299991607666,31461600,AAL
2022-04-13,17.8799991607666,18.989999771118164,17.860000610351562,18.950000762939453,18.950000762939453,90231900,AAL
2022-04-14,18.989999771118164,19.489999771118164,18.8799991607666,19.0,19.0,43180700,AAL
2022-04-18,18.860000610351562,19.09000015258789,18.469999313354492,18.540000915527344,18.540000915527344,27478900,AAL
2022-04-19,18.860000610351562,19.799999237060547,18.860000610351562,19.59000015258789,19.59000015258789,41228000,AAL
2022-04-20,19.65999984741211,20.06999969482422,19.469999313354492,19.479999542236328,19.479999542236328,43515000,AAL
2022-04-21,21.260000228881836,21.420000076293945,20.110000610351562,20.219999313354492,20.219999313354492,84042900,AAL
2022-04-22,20.600000381469727,21.149999618530273,20.06999969482422,20.18000030517578,20.18000030517578,42141900,AAL
2022-04-25,19.979999542236328,20.149999618530273,19.479999542236328,19.979999542236328,19.979999542236328,37047800,AAL
2022-04-26,19.84000015258789,19.979999542236328,18.760000228881836,18.770000457763672,18.770000457763672,33555800,AAL
2022-04-27,18.68000030517578,19.18000030517578,18.469999313354492,18.969999313354492,18.969999313354492,31101300,AAL
2022-04-28,19.1299991607666,19.559999465942383,18.639999389648438,19.43000030517578,19.43000030517578,27601000,AAL
2022-04-29,19.149999618530273,19.510000228881836,18.719999313354492,18.770000457763672,18.770000457763672,24044900,AAL
2022-05-02,18.75,18.950000762939453,18.030000686645508,18.559999465942383,18.559999465942383,32639400,AAL
2022-05-03,18.68000030517578,19.34000015258789,18.34000015258789,19.1299991607666,19.1299991607666,30334200,AAL
2022-05-04,18.829999923706055,19.639999389648438,18.75,19.6200008392334,19.6200008392334,30759700,AAL
2022-05-05,19.25,19.520000457763672,18.3799991607666,18.540000915527344,18.540000915527344,32054500,AAL
2022-05-06,18.450000762939453,18.469999313354492,17.610000610351562,17.84000015258789,17.84000015258789,34360000,AAL
2022-05-09,17.360000610351562,17.579999923706055,16.209999084472656,16.31999969482422,16.31999969482422,37938900,AAL
2022-05-10,16.809999465942383,16.889999389648438,16.18000030517578,16.56999969482422,16.56999969482422,35775600,AAL
2022-05-11,16.549999237060547,17.09000015258789,15.90999984741211,15.970000267028809,15.970000267028809,34913300,AAL
2022-05-12,15.710000038146973,16.1299991607666,15.09000015258789,15.489999771118164,15.489999771118164,40155400,AAL
2022-05-13,15.84000015258789,16.649999618530273,15.819999694824219,16.579999923706055,16.579999923706055,31753100,AAL
2022-05-16,16.5,17.030000686645508,16.420000076293945,16.549999237060547,16.549999237060547,25223400,AAL
2022-05-17,17.15999984741211,17.829999923706055,17.06999969482422,17.81999969482422,17.81999969482422,28978500,AAL
2022-05-18,17.450000762939453,17.84000015258789,16.780000686645508,16.889999389648438,16.889999389648438,29441900,AAL
2022-05-19,16.6299991607666,17.139999389648438,16.56999969482422,16.75,16.75,28299800,AAL
2022-05-20,17.059999465942383,17.15999984741211,15.829999923706055,16.260000228881836,16.260000228881836,34090600,AAL
2022-05-23,16.43000030517578,16.860000610351562,16.139999389648438,16.75,16.75,24684500,AAL
2022-05-24,16.530000686645508,16.530000686645508,15.319999694824219,15.5,15.5,38817400,AAL
2022-05-25,15.4399995803833,16.18000030517578,15.40999984741211,16.1299991607666,16.1299991607666,31846900,AAL
2022-05-26,16.3700008392334,17.420000076293945,16.309999465942383,17.239999771118164,17.239999771118164,33955200,AAL
2022-05-27,17.450000762939453,18.209999084472656,17.34000015258789,18.1299991607666,18.1299991607666,27615600,AAL
2022-05-31,17.700000762939453,18.219999313354492,17.510000228881836,17.8700008392334,17.8700008392334,31158300,AAL
2022-06-01,18.06999969482422,18.100000381469727,16.979999542236328,17.290000915527344,17.290000915527344,32637900,AAL
2022-06-02,17.270000457763672,17.510000228881836,17.18000030517578,17.459999084472656,17.459999084472656,23337700,AAL
2022-06-03,17.0,17.049999237060547,16.09000015258789,16.219999313354492,16.219999313354492,46267600,AAL
2022-06-06,16.530000686645508,16.56999969482422,16.020000457763672,16.299999237060547,16.299999237060547,29567800,AAL
2022-06-07,16.100000381469727,16.729999542236328,15.960000038146973,16.690000534057617,16.690000534057617,29278100,AAL
2022-06-08,16.389999389648438,16.690000534057617,16.110000610351562,16.149999618530273,16.149999618530273,22558800,AAL
2022-06-09,16.079999923706055,16.219999313354492,15.460000038146973,15.470000267028809,15.470000267028809,31530200,AAL
2022-06-10,15.09000015258789,15.829999923706055,14.710000038146973,14.710000038146973,14.710000038146973,46180100,AAL
2022-06-13,14.119999885559082,14.15999984741211,13.130000114440918,13.319999694824219,13.319999694824219,55496100,AAL
2022-06-14,13.600000381469727,13.65999984741211,12.760000228881836,12.949999809265137,12.949999809265137,43628700,AAL
2022-06-15,13.069999694824219,13.680000305175781,13.020000457763672,13.3100004196167,13.3100004196167,49703400,AAL
2022-06-16,12.899999618530273,12.899999618530273,11.960000038146973,12.15999984741211,12.15999984741211,56545200,AAL
2022-06-17,12.199999809265137,13.069999694824219,11.930000305175781,12.9399995803833,12.9399995803833,52537800,AAL
2022-06-21,13.220000267028809,13.239999771118164,12.619999885559082,13.039999961853027,13.039999961853027,39780800,AAL
2022-06-22,12.819999694824219,13.430000305175781,12.760000228881836,13.100000381469727,13.100000381469727,34193500,AAL
2022-06-23,13.020000457763672,13.180000305175781,12.579999923706055,12.979999542236328,12.979999542236328,31067800,AAL
2022-06-24,12.970000267028809,13.960000038146973,12.890000343322754,13.899999618530273,13.899999618530273,41326600,AAL
2022-06-27,13.960000038146973,13.960000038146973,13.380000114440918,13.5600004196167,13.5600004196167,26086200,AAL
2022-06-28,13.800000190734863,14.479999542236328,13.470000267028809,13.5,13.5,36500500,AAL
2022-06-29,13.229999542236328,13.239999771118164,12.770000457763672,13.029999732971191,13.029999732971191,34351000,AAL
2022-06-30,12.600000381469727,12.880000114440918,12.25,12.680000305175781,12.680000305175781,37521400,AAL
2022-07-01,12.779999732971191,13.180000305175781,12.520000457763672,13.130000114440918,13.130000114440918,34110400,AAL
2022-07-05,12.8100004196167,13.880000114440918,12.550000190734863,13.880000114440918,13.880000114440918,43922100,AAL
2022-07-06,13.75,14.09000015258789,13.640000343322754,13.890000343322754,13.890000343322754,30792600,AAL
2022-07-07,13.9399995803833,14.199999809265137,13.640000343322754,14.100000381469727,14.100000381469727,33327700,AAL
2022-07-08,13.960000038146973,14.270000457763672,13.720000267028809,13.970000267028809,13.970000267028809,28114100,AAL
2022-07-11,13.819999694824219,13.970000267028809,13.3100004196167,13.430000305175781,13.430000305175781,25163100,AAL
2022-07-12,13.630000114440918,15.039999961853027,13.5600004196167,14.770000457763672,14.770000457763672,74980100,AAL
2022-07-13,14.039999961853027,14.4399995803833,13.699999809265137,14.3100004196167,14.3100004196167,45289800,AAL
2022-07-14,14.180000305175781,14.869999885559082,14.050000190734863,14.25,14.25,39441400,AAL
2022-07-15,14.489999771118164,14.5600004196167,14.050000190734863,14.470000267028809,14.470000267028809,30182000,AAL
2022-07-18,14.829999923706055,15.15999984741211,14.520000457763672,14.539999961853027,14.539999961853027,31995000,AAL
2022-07-19,14.899999618530273,15.270000457763672,14.869999885559082,15.15999984741211,15.15999984741211,30099600,AAL
2022-07-20,15.140000343322754,15.420000076293945,14.899999618530273,15.210000038146973,15.210000038146973,39746400,AAL
2022-07-21,14.670000076293945,14.6899995803833,13.8100004196167,14.079999923706055,14.079999923706055,64624900,AAL
2022-07-22,14.109999656677246,14.279999732971191,13.630000114440918,13.680000305175781,13.680000305175781,38345400,AAL
2022-07-25,13.619999885559082,13.800000190734863,13.300000190734863,13.75,13.75,28368500,AAL
2022-07-26,13.520000457763672,13.649999618530273,13.350000381469727,13.430000305175781,13.430000305175781,23978100,AAL
2022-07-27,13.710000038146973,14.029999732971191,13.350000381469727,13.970000267028809,13.970000267028809,36408900,AAL
2022-07-28,13.6899995803833,14.039999961853027,13.289999961853027,13.760000228881836,13.760000228881836,35834400,AAL
2022-07-29,13.59000015258789,13.920000076293945,13.489999771118164,13.710000038146973,13.710000038146973,26238200,AAL
2022-08-01,13.670000076293945,14.319999694824219,13.520000457763672,14.279999732971191,14.279999732971191,32730800,AAL
2022-08-02,14.050000190734863,14.399999618530273,13.899999618530273,14.0600004196167,14.0600004196167,27440000,AAL
2022-08-03,14.199999809265137,14.699999809265137,14.149999618530273,14.630000114440918,14.630000114440918,28366500,AAL
2022-08-04,14.529999732971191,14.970000267028809,14.510000228881836,14.859999656677246,14.859999656677246,27102900,AAL
2022-08-05,14.619999885559082,14.979999542236328,14.609999656677246,14.739999771118164,14.739999771118164,19503800,AAL
2022-08-08,14.869999885559082,15.279999732971191,14.819999694824219,15.020000457763672,15.020000457763672,23643500,AAL
2022-08-09,14.869999885559082,14.880000114440918,14.380000114440918,14.619999885559082,14.619999885559082,23706400,AAL
2022-08-10,15.109999656677246,15.390000343322754,14.949999809265137,15.069999694824219,15.069999694824219,32383200,AAL
2022-08-11,15.399999618530273,15.460000038146973,14.899999618530273,14.989999771118164,14.989999771118164,32357500,AAL
2022-08-12,15.15999984741211,15.289999961853027,15.029999732971191,15.25,15.25,21151000,AAL
2022-08-15,15.270000457763672,15.550000190734863,15.25,15.329999923706055,15.329999923706055,18364000,AAL
2022-08-16,15.300000190734863,15.710000038146973,15.109999656677246,15.5,15.5,23668500,AAL
2022-08-17,15.229999542236328,15.289999961853027,14.779999732971191,14.960000038146973,14.960000038146973,28352800,AAL
2022-08-18,14.979999542236328,15.020000457763672,14.729999542236328,14.84000015258789,14.84000015258789,19271200,AAL
2022-08-19,14.5,14.569999694824219,13.960000038146973,14.170000076293945,14.170000076293945,31593300,AAL
2022-08-22,13.779999732971191,13.920000076293945,13.609999656677246,13.710000038146973,13.710000038146973,25120700,AAL
2022-08-23,13.779999732971191,13.930000305175781,13.59000015258789,13.819999694824219,13.819999694824219,25500100,AAL
2022-08-24,13.84000015258789,14.050000190734863,13.770000457763672,13.989999771118164,13.989999771118164,17825100,AAL
2022-08-25,14.170000076293945,14.460000038146973,14.09000015258789,14.420000076293945,14.420000076293945,22167800,AAL
2022-08-26,14.40999984741211,14.539999961853027,13.710000038146973,13.739999771118164,13.739999771118164,23177500,AAL
2022-08-29,13.510000228881836,13.710000038146973,13.449999809265137,13.510000228881836,13.510000228881836,21391200,AAL
2022-08-30,13.609999656677246,13.680000305175781,13.199999809265137,13.329999923706055,13.329999923706055,25076800,AAL
2022-08-31,13.489999771118164,13.529999732971191,12.960000038146973,12.989999771118164,12.989999771118164,27923800,AAL
2022-09-01,12.869999885559082,12.949999809265137,12.5,12.930000305175781,12.930000305175781,29871200,AAL
2022-09-02,13.149999618530273,13.350000381469727,12.869999885559082,12.989999771118164,12.989999771118164,26922500,AAL
2022-09-06,13.1899995803833,13.260000228881836,12.739999771118164,13.220000267028809,13.220000267028809,27966400,AAL
2022-09-07,13.270000457763672,13.930000305175781,13.220000267028809,13.890000343322754,13.890000343322754,32867600,AAL
2022-09-08,13.670000076293945,14.119999885559082,13.5600004196167,13.960000038146973,13.960000038146973,26437600,AAL
2022-09-09,14.100000381469727,14.25,14.010000228881836,14.1899995803833,14.1899995803833,23927900,AAL
2022-09-12,14.350000381469727,14.670000076293945,14.319999694824219,14.470000267028809,14.470000267028809,27655300,AAL
2022-09-13,13.930000305175781,14.109999656677246,13.630000114440918,13.680000305175781,13.680000305175781,31432900,AAL
2022-09-14,13.619999885559082,14.039999961853027,13.270000457763672,14.029999732971191,14.029999732971191,30564000,AAL
2022-09-15,13.90999984741211,14.5600004196167,13.899999618530273,14.270000457763672,14.270000457763672,28334700,AAL
2022-09-16,13.9399995803833,14.020000457763672,13.619999885559082,13.75,13.75,27319000,AAL
2022-09-19,13.600000381469727,14.300000190734863,13.600000381469727,14.210000038146973,14.210000038146973,25403200,AAL
2022-09-20,14.199999809265137,14.329999923706055,13.6899995803833,13.970000267028809,13.970000267028809,31083400,AAL
2022-09-21,13.850000381469727,13.850000381469727,13.229999542236328,13.229999542236328,13.229999542236328,40988700,AAL
2022-09-22,13.300000190734863,13.329999923706055,12.520000457763672,12.710000038146973,12.710000038146973,44037600,AAL
2022-09-23,12.479999542236328,12.569999694824219,11.859999656677246,12.210000038146973,12.210000038146973,53874900,AAL
2022-09-26,12.180000305175781,12.430000305175781,11.850000381469727,11.859999656677246,11.859999656677246,38155600,AAL
2022-09-27,12.1899995803833,12.510000228881836,11.90999984741211,12.270000457763672,12.270000457763672,44010500,AAL
2022-09-28,12.239999771118164,12.800000190734863,12.079999923706055,12.75,12.75,34069300,AAL
2022-09-29,12.529999732971191,12.550000190734863,12.09000015258789,12.25,12.25,34402800,AAL
2022-09-30,12.130000114440918,12.399999618530273,12.010000228881836,12.039999961853027,12.039999961853027,30111400,AAL
2022-10-03,12.020000457763672,12.229999542236328,11.649999618530273,11.920000076293945,11.920000076293945,41156700,AAL
2022-10-04,12.3100004196167,13.050000190734863,12.300000190734863,12.949999809265137,12.949999809265137,47616000,AAL
2022-10-05,12.630000114440918,12.960000038146973,12.430000305175781,12.869999885559082,12.869999885559082,28172500,AAL
2022-10-06,12.770000457763672,13.0,12.399999618530273,12.729999542236328,12.729999542236328,31569300,AAL
2022-10-07,12.5,12.539999961853027,11.949999809265137,12.180000305175781,12.180000305175781,37297700,AAL
2022-10-10,12.199999809265137,12.319999694824219,11.859999656677246,12.050000190734863,12.050000190734863,29602600,AAL
2022-10-11,12.739999771118164,12.859999656677246,11.789999961853027,12.260000228881836,12.260000228881836,64438100,AAL
2022-10-12,12.210000038146973,12.829999923706055,11.979999542236328,12.699999809265137,12.699999809265137,40359200,AAL
2022-10-13,12.5,13.199999809265137,12.180000305175781,13.050000190734863,13.050000190734863,53206100,AAL
2022-10-14,13.350000381469727,13.579999923706055,12.960000038146973,13.109999656677246,13.109999656677246,34831700,AAL
2022-10-17,13.529999732971191,13.59000015258789,12.920000076293945,13.199999809265137,13.199999809265137,39973800,AAL
2022-10-18,13.569999694824219,13.880000114440918,13.460000038146973,13.699999809265137,13.699999809265137,38762400,AAL
2022-10-19,13.979999542236328,14.279999732971191,13.720000267028809,13.989999771118164,13.989999771118164,55466400,AAL
2022-10-20,13.949999809265137,14.270000457763672,13.430000305175781,13.460000038146973,13.460000038146973,58239700,AAL
2022-10-21,13.359999656677246,13.869999885559082,13.210000038146973,13.710000038146973,13.710000038146973,36760000,AAL
2022-10-24,13.75,14.119999885559082,13.59000015258789,14.100000381469727,14.100000381469727,32811000,AAL
2022-10-25,14.050000190734863,14.369999885559082,13.930000305175781,14.289999961853027,14.289999961853027,27677200,AAL
2022-10-26,14.140000343322754,14.4399995803833,13.989999771118164,14.0,14.0,28273700,AAL
2022-10-27,14.180000305175781,14.479999542236328,13.960000038146973,13.970000267028809,13.970000267028809,25575200,AAL
2022-10-28,14.0,14.100000381469727,13.789999961853027,14.0,14.0,26410600,AAL
2022-10-31,14.029999732971191,14.319999694824219,13.890000343322754,14.180000305175781,14.180000305175781,26486700,AAL
2022-11-01,14.4399995803833,14.539999961853027,14.100000381469727,14.109999656677246,14.109999656677246,25606900,AAL
2022-11-02,14.0,14.270000457763672,13.550000190734863,13.579999923706055,13.579999923706055,34816100,AAL
2022-11-03,13.359999656677246,13.869999885559082,13.199999809265137,13.729999542236328,13.729999542236328,25312300,AAL
2022-11-04,14.0600004196167,14.399999618530273,13.859999656677246,14.109999656677246,14.109999656677246,28238500,AAL
2022-11-07,14.319999694824219,14.390000343322754,13.859999656677246,14.319999694824219,14.319999694824219,23797300,AAL
2022-11-08,14.289999961853027,14.449999809265137,14.079999923706055,14.25,14.25,25415700,AAL
2022-11-09,14.119999885559082,14.34000015258789,13.970000267028809,13.979999542236328,13.979999542236328,21047200,AAL
2022-11-10,14.460000038146973,14.989999771118164,14.359999656677246,14.930000305175781,14.930000305175781,35599100,AAL
2022-11-11,15.0,15.079999923706055,14.720000267028809,14.880000114440918,14.880000114440918,24134000,AAL
2022-11-14,14.789999961853027,15.029999732971191,14.550000190734863,14.680000305175781,14.680000305175781,26266600,AAL
2022-11-15,15.020000457763672,15.180000305175781,14.529999732971191,14.609999656677246,14.609999656677246,29423100,AAL
2022-11-16,14.449999809265137,14.470000267028809,14.010000228881836,14.09000015258789,14.09000015258789,28858000,AAL
2022-11-17,13.819999694824219,14.020000457763672,13.680000305175781,13.949999809265137,13.949999809265137,24041700,AAL
2022-11-18,14.260000228881836,14.579999923706055,13.920000076293945,14.050000190734863,14.050000190734863,25968300,AAL
2022-11-21,14.020000457763672,14.270000457763672,13.800000190734863,13.850000381469727,13.850000381469727,25708400,AAL
2022-11-22,13.850000381469727,14.029999732971191,13.359999656677246,13.979999542236328,13.979999542236328,26387000,AAL
2022-11-23,13.979999542236328,14.430000305175781,13.880000114440918,14.420000076293945,14.420000076293945,23686400,AAL
2022-11-25,14.399999618530273,14.699999809265137,14.350000381469727,14.5,14.5,9903900,AAL
2022-11-28,14.34000015258789,14.4399995803833,13.819999694824219,13.829999923706055,13.829999923706055,21313800,AAL
2022-11-29,13.890000343322754,14.15999984741211,13.829999923706055,14.140000343322754,14.140000343322754,17335300,AAL
2022-11-30,14.119999885559082,14.449999809265137,13.930000305175781,14.430000305175781,14.430000305175781,21241800,AAL
2022-12-01,14.460000038146973,14.569999694824219,13.930000305175781,13.979999542236328,13.979999542236328,26519600,AAL
2022-12-02,13.819999694824219,13.979999542236328,13.670000076293945,13.970000267028809,13.970000267028809,24124300,AAL
2022-12-05,13.84000015258789,14.34000015258789,13.819999694824219,14.109999656677246,14.109999656677246,27029000,AAL
2022-12-06,14.140000343322754,14.34000015258789,14.0,14.329999923706055,14.329999923706055,20781500,AAL
2022-12-07,14.239999771118164,14.239999771118164,13.529999732971191,13.550000190734863,13.550000190734863,28161400,AAL
2022-12-08,13.649999618530273,13.800000190734863,13.380000114440918,13.600000381469727,13.600000381469727,25300900,AAL
2022-12-09,13.520000457763672,13.65999984741211,13.420000076293945,13.529999732971191,13.529999732971191,18535400,AAL
2022-12-12,13.489999771118164,14.210000038146973,13.449999809265137,14.199999809265137,14.199999809265137,23344600,AAL
2022-12-13,14.600000381469727,14.739999771118164,13.289999961853027,13.460000038146973,13.460000038146973,51620100,AAL
2022-12-14,13.579999923706055,13.6899995803833,13.239999771118164,13.350000381469727,13.350000381469727,33728900,AAL
2022-12-15,13.15999984741211,13.3100004196167,12.800000190734863,12.930000305175781,12.930000305175781,26158300,AAL
2022-12-16,12.970000267028809,13.100000381469727,12.59000015258789,12.8100004196167,12.8100004196167,26395000,AAL
2022-12-19,12.850000381469727,12.890000343322754,12.460000038146973,12.479999542236328,12.479999542236328,21884000,AAL
2022-12-20,12.420000076293945,12.619999885559082,12.380000114440918,12.529999732971191,12.529999732971191,20354200,AAL
2022-12-21,12.6899995803833,13.220000267028809,12.649999618530273,13.029999732971191,13.029999732971191,29778900,AAL
2022-12-22,12.979999542236328,13.0,12.229999542236328,12.5600004196167,12.5600004196167,25372900,AAL
2022-12-23,12.510000228881836,12.710000038146973,12.329999923706055,12.710000038146973,12.710000038146973,17181200,AAL
2022-12-27,12.619999885559082,12.789999961853027,12.399999618530273,12.529999732971191,12.529999732971191,18878200,AAL
2022-12-28,12.520000457763672,12.680000305175781,12.25,12.319999694824219,12.319999694824219,20470400,AAL
2022-12-29,12.390000343322754,12.710000038146973,12.300000190734863,12.699999809265137,12.699999809265137,19706300,AAL
2022-12-30,12.550000190734863,12.829999923706055,12.529999732971191,12.720000267028809,12.720000267028809,19002800,AAL
2023-01-03,12.90999984741211,13.0,12.529999732971191,12.739999771118164,12.739999771118164,21865100,AAL
2023-01-04,12.859999656677246,13.609999656677246,12.859999656677246,13.59000015258789,13.59000015258789,34359100,AAL
2023-01-05,13.5,14.010000228881836,13.420000076293945,13.989999771118164,13.989999771118164,27378000,AAL
2023-01-06,14.010000228881836,14.25,13.920000076293945,14.180000305175781,14.180000305175781,29546400,AAL
2023-01-09,14.25,14.789999961853027,14.229999542236328,14.609999656677246,14.609999656677246,31496900,AAL
2023-01-10,14.5600004196167,15.199999809265137,14.5600004196167,15.1899995803833,15.1899995803833,31109900,AAL
2023-01-11,15.09000015258789,15.5,15.050000190734863,15.34000015258789,15.34000015258789,28664300,AAL
2023-01-12,16.030000686645508,16.899999618530273,15.880000114440918,16.829999923706055,16.829999923706055,96441800,AAL
2023-01-13,16.219999313354492,17.06999969482422,16.010000228881836,17.020000457763672,17.020000457763672,50828000,AAL
2023-01-17,16.899999618530273,17.1200008392334,16.739999771118164,17.079999923706055,17.079999923706055,32875700,AAL
2023-01-18,17.530000686645508,17.639999389648438,16.600000381469727,16.639999389648438,16.639999389648438,42352600,AAL
2023-01-19,16.40999984741211,16.489999771118164,16.010000228881836,16.280000686645508,16.280000686645508,32630200,AAL
2023-01-20,16.3700008392334,16.540000915527344,16.139999389648438,16.34000015258789,16.34000015258789,22487700,AAL
2023-01-23,16.389999389648438,16.440000534057617,16.15999984741211,16.170000076293945,16.170000076293945,23408500,AAL
2023-01-24,16.010000228881836,16.43000030517578,15.960000038146973,16.020000457763672,16.020000457763672,21641500,AAL
2023-01-25,15.970000267028809,16.479999542236328,15.899999618530273,16.260000228881836,16.260000228881836,34131000,AAL
2023-01-26,16.540000915527344,16.739999771118164,15.729999542236328,16.610000610351562,16.610000610351562,47488900,AAL
2023-01-27,16.540000915527344,16.809999465942383,16.3700008392334,16.43000030517578,16.43000030517578,26257000,AAL
2023-01-30,16.290000915527344,16.600000381469727,15.90999984741211,15.960000038146973,15.960000038146973,23586000,AAL
2023-01-31,16.010000228881836,16.239999771118164,15.90999984741211,16.139999389648438,16.139999389648438,19866900,AAL
2023-02-01,16.040000915527344,16.719999313354492,15.920000076293945,16.690000534057617,16.690000534057617,26925300,AAL
2023-02-02,16.729999542236328,17.31999969482422,16.719999313354492,17.059999465942383,17.059999465942383,31552200,AAL
2023-02-03,16.850000381469727,17.219999313354492,16.850000381469727,17.020000457763672,17.020000457763672,22108200,AAL
2023-02-06,16.8799991607666,17.09000015258789,16.790000915527344,16.920000076293945,16.920000076293945,19340800,AAL
2023-02-07,16.920000076293945,17.030000686645508,16.540000915527344,16.959999084472656,16.959999084472656,19053400,AAL
2023-02-08,17.260000228881836,17.440000534057617,16.799999237060547,16.969999313354492,16.969999313354492,20774200,AAL
2023-02-09,17.110000610351562,17.15999984741211,16.59000015258789,16.65999984741211,16.65999984741211,17558700,AAL
2023-02-10,16.40999984741211,16.43000030517578,16.139999389648438,16.280000686645508,16.280000686645508,14210100,AAL
2023-02-13,16.25,16.600000381469727,16.209999084472656,16.510000228881836,16.510000228881836,15649900,AAL
2023-02-14,16.489999771118164,16.850000381469727,16.329999923706055,16.790000915527344,16.790000915527344,17467900,AAL
2023-02-15,16.639999389648438,16.84000015258789,16.579999923706055,16.799999237060547,16.799999237060547,12457100,AAL
2023-02-16,16.59000015258789,16.670000076293945,16.360000610351562,16.389999389648438,16.389999389648438,15054700,AAL
2023-02-17,16.3799991607666,16.559999465942383,16.149999618530273,16.360000610351562,16.360000610351562,21921300,AAL
2023-02-21,16.059999465942383,16.200000762939453,15.520000457763672,15.6899995803833,15.6899995803833,24449000,AAL
2023-02-22,15.640000343322754,15.819999694824219,15.420000076293945,15.5600004196167,15.5600004196167,22273800,AAL
2023-02-23,15.65999984741211,16.170000076293945,15.5,15.869999885559082,15.869999885559082,25607100,AAL
2023-02-24,15.510000228881836,15.670000076293945,15.359999656677246,15.5600004196167,15.5600004196167,20471800,AAL
2023-02-27,15.739999771118164,15.829999923706055,15.550000190734863,15.630000114440918,15.630000114440918,15494300,AAL
2023-02-28,15.550000190734863,16.049999237060547,15.529999732971191,15.979999542236328,15.979999542236328,15597800,AAL
2023-03-01,15.930000305175781,16.049999237060547,15.75,16.030000686645508,16.030000686645508,11730500,AAL
2023-03-02,15.880000114440918,16.149999618530273,15.729999542236328,16.1200008392334,16.1200008392334,11728300,AAL
2023-03-03,16.3700008392334,16.549999237060547,16.139999389648438,16.360000610351562,16.360000610351562,14389500,AAL
2023-03-06,16.469999313354492,16.549999237060547,16.100000381469727,16.1200008392334,16.1200008392334,13504800,AAL
2023-03-07,16.239999771118164,16.65999984741211,16.139999389648438,16.360000610351562,16.360000610351562,17951300,AAL
2023-03-08,16.40999984741211,16.600000381469727,16.270000457763672,16.59000015258789,16.59000015258789,11399600,AAL
2023-03-09,16.549999237060547,16.799999237060547,15.850000381469727,15.880000114440918,15.880000114440918,18505000,AAL
2023-03-10,15.979999542236328,16.0,15.109999656677246,15.460000038146973,15.460000038146973,27280200,AAL
2023-03-13,15.020000457763672,15.260000228881836,14.6899995803833,14.850000381469727,14.850000381469727,32541700,AAL
2023-03-14,15.050000190734863,15.319999694824219,14.489999771118164,14.65999984741211,14.65999984741211,35258900,AAL
2023-03-15,14.239999771118164,14.420000076293945,13.510000228881836,13.859999656677246,13.859999656677246,41843700,AAL
2023-03-16,13.699999809265137,14.229999542236328,13.630000114440918,14.119999885559082,14.119999885559082,24557900,AAL
2023-03-17,13.949999809265137,14.170000076293945,13.670000076293945,13.979999542236328,13.979999542236328,31268800,AAL
2023-03-20,14.020000457763672,14.210000038146973,13.869999885559082,13.960000038146973,13.960000038146973,28076200,AAL
2023-03-21,14.289999961853027,14.539999961853027,14.25,14.369999885559082,14.369999885559082,17788600,AAL
2023-03-22,14.359999656677246,14.430000305175781,13.789999961853027,13.819999694824219,13.819999694824219,21378100,AAL
2023-03-23,14.0,14.180000305175781,13.470000267028809,13.630000114440918,13.630000114440918,25033400,AAL
2023-03-24,13.5,13.739999771118164,13.359999656677246,13.720000267028809,13.720000267028809,19871300,AAL
2023-03-27,13.960000038146973,14.0600004196167,13.710000038146973,13.9399995803833,13.9399995803833,17126700,AAL
2023-03-28,13.90999984741211,14.079999923706055,13.850000381469727,13.979999542236328,13.979999542236328,11553000,AAL
2023-03-29,14.180000305175781,14.390000343322754,14.0600004196167,14.350000381469727,14.350000381469727,15907000,AAL
2023-03-30,14.5600004196167,14.699999809265137,14.460000038146973,14.470000267028809,14.470000267028809,13673500,AAL
2023-03-31,14.609999656677246,14.760000228881836,14.5600004196167,14.75,14.75,12348700,AAL
2023-04-03,14.520000457763672,14.619999885559082,14.279999732971191,14.420000076293945,14.420000076293945,14317400,AAL
2023-04-04,14.550000190734863,14.550000190734863,14.020000457763672,14.15999984741211,14.15999984741211,16124100,AAL
2023-04-05,14.0600004196167,14.140000343322754,13.699999809265137,13.890000343322754,13.890000343322754,19213300,AAL
2023-04-06,13.949999809265137,14.180000305175781,13.869999885559082,14.010000228881836,14.010000228881836,14067000,AAL
2023-04-10,13.979999542236328,14.170000076293945,13.90999984741211,14.149999618530273,14.149999618530273,18832300,AAL
2023-04-11,14.220000267028809,14.510000228881836,14.079999923706055,14.319999694824219,14.319999694824219,17518200,AAL
2023-04-12,13.850000381469727,13.850000381469727,12.90999984741211,13.0,13.0,96958800,AAL
2023-04-13,13.149999618530273,13.180000305175781,12.770000457763672,12.949999809265137,12.949999809265137,47388900,AAL
2023-04-14,12.979999542236328,13.0600004196167,12.729999542236328,12.789999961853027,12.789999961853027,27538600,AAL
2023-04-17,12.859999656677246,13.170000076293945,12.800000190734863,13.100000381469727,13.100000381469727,26307900,AAL
2023-04-18,13.199999809265137,13.300000190734863,12.970000267028809,13.289999961853027,13.289999961853027,24684700,AAL
2023-04-19,13.130000114440918,13.680000305175781,13.130000114440918,13.630000114440918,13.630000114440918,31596500,AAL
2023-04-20,13.470000267028809,13.699999809265137,13.3100004196167,13.319999694824219,13.319999694824219,24240100,AAL
2023-04-21,13.3100004196167,13.420000076293945,13.15999984741211,13.399999618530273,13.399999618530273,16548000,AAL
2023-04-24,13.420000076293945,13.5600004196167,13.050000190734863,13.319999694824219,13.319999694824219,25019800,AAL
2023-04-25,13.15999984741211,13.170000076293945,12.8100004196167,12.84000015258789,12.84000015258789,33615600,AAL
2023-04-26,12.899999618530273,13.079999923706055,12.649999618530273,12.739999771118164,12.739999771118164,33435200,AAL
2023-04-27,12.970000267028809,13.399999618530273,12.75,12.880000114440918,12.880000114440918,48368000,AAL
2023-04-28,12.9399995803833,13.699999809265137,12.850000381469727,13.640000343322754,13.640000343322754,45057400,AAL
2023-05-01,13.600000381469727,14.029999732971191,13.520000457763672,13.890000343322754,13.890000343322754,29101800,AAL
2023-05-02,13.829999923706055,13.869999885559082,13.520000457763672,13.770000457763672,13.770000457763672,22469800,AAL
2023-05-03,13.789999961853027,14.039999961853027,13.680000305175781,13.789999961853027,13.789999961853027,20844800,AAL
2023-05-04,13.789999961853027,13.890000343322754,13.350000381469727,13.510000228881836,13.510000228881836,22983700,AAL
2023-05-05,13.729999542236328,13.949999809265137,13.630000114440918,13.869999885559082,13.869999885559082,20608900,AAL
2023-05-08,14.34000015258789,14.65999984741211,14.229999542236328,14.359999656677246,14.359999656677246,34586900,AAL
2023-05-09,14.380000114440918,14.5600004196167,14.210000038146973,14.470000267028809,14.470000267028809,19682700,AAL
2023-05-10,14.670000076293945,14.699999809265137,14.050000190734863,14.34000015258789,14.34000015258789,21469100,AAL
2023-05-11,14.260000228881836,14.289999961853027,14.020000457763672,14.069999694824219,14.069999694824219,17049600,AAL
2023-05-12,14.1899995803833,14.199999809265137,13.869999885559082,14.020000457763672,14.020000457763672,16707500,AAL
2023-05-15,14.039999961853027,14.319999694824219,13.920000076293945,14.279999732971191,14.279999732971191,14994100,AAL
2023-05-16,14.210000038146973,14.449999809265137,13.970000267028809,14.199999809265137,14.199999809265137,20303200,AAL
2023-05-17,14.399999618530273,15.010000228881836,14.369999885559082,14.90999984741211,14.90999984741211,34905500,AAL
2023-05-18,14.90999984741211,15.079999923706055,14.800000190734863,15.050000190734863,15.050000190734863,21604500,AAL
2023-05-19,15.069999694824219,15.09000015258789,14.630000114440918,14.819999694824219,14.819999694824219,17870900,AAL
2023-05-22,14.920000076293945,14.979999542236328,14.100000381469727,14.380000114440918,14.380000114440918,28517200,AAL
2023-05-23,14.350000381469727,14.640000343322754,14.069999694824219,14.069999694824219,14.069999694824219,28899400,AAL
2023-05-24,13.979999542236328,13.979999542236328,13.550000190734863,13.800000190734863,13.800000190734863,30501800,AAL
2023-05-25,13.880000114440918,14.390000343322754,13.800000190734863,14.380000114440918,14.380000114440918,29719900,AAL
2023-05-26,14.40999984741211,14.539999961853027,14.279999732971191,14.350000381469727,14.350000381469727,17083800,AAL
2023-05-30,14.4399995803833,14.75,14.420000076293945,14.619999885559082,14.619999885559082,20424600,AAL
2023-05-31,15.09000015258789,15.109999656677246,14.489999771118164,14.779999732971191,14.779999732971191,31783200,AAL
2023-06-01,14.869999885559082,14.880000114440918,14.609999656677246,14.699999809265137,14.699999809265137,21239100,AAL
2023-06-02,14.899999618530273,15.069999694824219,14.640000343322754,14.869999885559082,14.869999885559082,31041300,AAL
2023-06-05,14.869999885559082,14.90999984741211,14.680000305175781,14.8100004196167,14.8100004196167,15399300,AAL
2023-06-06,14.8100004196167,15.020000457763672,14.699999809265137,14.930000305175781,14.930000305175781,15840000,AAL
2023-06-07,15.0,15.270000457763672,14.899999618530273,15.15999984741211,15.15999984741211,19871400,AAL
2023-06-08,15.15999984741211,15.600000381469727,15.09000015258789,15.300000190734863,15.300000190734863,21698100,AAL
2023-06-09,15.3100004196167,15.670000076293945,15.3100004196167,15.569999694824219,15.569999694824219,21126900,AAL
2023-06-12,15.739999771118164,16.3700008392334,15.729999542236328,16.020000457763672,16.020000457763672,28381900,AAL
2023-06-13,16.25,16.350000381469727,16.100000381469727,16.309999465942383,16.309999465942383,21911600,AAL
2023-06-14,16.399999618530273,16.700000762939453,16.31999969482422,16.59000015258789,16.59000015258789,22866000,AAL
2023-06-15,16.450000762939453,16.649999618530273,16.399999618530273,16.649999618530273,16.649999618530273,17235100,AAL
2023-06-16,16.670000076293945,16.719999313354492,16.43000030517578,16.479999542236328,16.479999542236328,22635600,AAL
2023-06-20,16.3799991607666,16.43000030517578,16.15999984741211,16.31999969482422,16.31999969482422,17926100,AAL
2023-06-21,16.25,16.350000381469727,16.0,16.299999237060547,16.299999237060547,18543400,AAL
2023-06-22,16.229999542236328,16.389999389648438,16.06999969482422,16.360000610351562,16.360000610351562,12694200,AAL
2023-06-23,15.9399995803833,16.329999923706055,15.920000076293945,16.260000228881836,16.260000228881836,24406900,AAL
2023-06-26,16.149999618530273,16.489999771118164,16.110000610351562,16.440000534057617,16.440000534057617,19715400,AAL
2023-06-27,16.530000686645508,17.479999542236328,16.520000457763672,17.350000381469727,17.350000381469727,42031500,AAL
2023-06-28,17.350000381469727,17.579999923706055,17.280000686645508,17.549999237060547,17.549999237060547,26466300,AAL
2023-06-29,17.639999389648438,17.979999542236328,17.530000686645508,17.600000381469727,17.600000381469727,20315700,AAL
2023-06-30,17.719999313354492,17.989999771118164,17.670000076293945,17.940000534057617,17.940000534057617,18597900,AAL
2023-07-03,17.860000610351562,18.18000030517578,17.81999969482422,18.100000381469727,18.100000381469727,12883700,AAL
2023-07-05,17.979999542236328,18.420000076293945,17.889999389648438,18.31999969482422,18.31999969482422,19351500,AAL
2023-07-06,18.020000457763672,18.139999389648438,17.670000076293945,17.8799991607666,17.8799991607666,25768000,AAL
2023-07-07,17.93000030517578,18.549999237060547,17.93000030517578,18.350000381469727,18.350000381469727,21936300,AAL
2023-07-10,18.31999969482422,18.719999313354492,18.290000915527344,18.56999969482422,18.56999969482422,21371900,AAL
2023-07-11,18.639999389648438,18.8700008392334,18.440000534057617,18.799999237060547,18.799999237060547,23613200,AAL
2023-07-12,18.93000030517578,19.06999969482422,18.489999771118164,18.56999969482422,18.56999969482422,23388600,AAL
2023-07-13,19.049999237060547,19.079999923706055,18.239999771118164,18.450000762939453,18.450000762939453,30683600,AAL
2023-07-14,18.440000534057617,18.559999465942383,17.959999084472656,18.139999389648438,18.139999389648438,23241100,AAL
2023-07-17,18.040000915527344,18.3799991607666,18.0,18.18000030517578,18.18000030517578,14825400,AAL
2023-07-18,18.200000762939453,18.719999313354492,18.200000762939453,18.68000030517578,18.68000030517578,16839500,AAL
2023-07-19,18.700000762939453,18.799999237060547,18.440000534057617,18.600000381469727,18.600000381469727,20416100,AAL
2023-07-20,18.149999618530273,18.170000076293945,17.280000686645508,17.440000534057617,17.440000534057617,54010900,AAL
2023-07-21,17.5,17.670000076293945,17.100000381469727,17.420000076293945,17.420000076293945,28594500,AAL
2023-07-24,17.290000915527344,17.31999969482422,16.860000610351562,16.8799991607666,16.8799991607666,28457900,AAL
2023-07-25,16.549999237060547,16.829999923706055,16.190000534057617,16.649999618530273,16.649999618530273,40053800,AAL
2023-07-26,16.719999313354492,16.899999618530273,16.510000228881836,16.760000228881836,16.760000228881836,21833000,AAL
2023-07-27,16.549999237060547,16.690000534057617,16.34000015258789,16.56999969482422,16.56999969482422,24395800,AAL
2023-07-28,16.790000915527344,16.860000610351562,16.59000015258789,16.790000915527344,16.790000915527344,18588400,AAL
2023-07-31,16.850000381469727,16.8700008392334,16.59000015258789,16.75,16.75,21646200,AAL
2023-08-01,16.540000915527344,16.540000915527344,15.9399995803833,16.229999542236328,16.229999542236328,31342400,AAL
2023-08-02,16.010000228881836,16.110000610351562,15.779999732971191,15.949999809265137,15.949999809265137,29884600,AAL
2023-08-03,15.770000457763672,16.020000457763672,15.699999809265137,15.979999542236328,15.979999542236328,40463900,AAL
2023-08-04,16.100000381469727,16.18000030517578,15.779999732971191,15.84000015258789,15.84000015258789,23503400,AAL
2023-08-07,15.729999542236328,16.010000228881836,15.6899995803833,15.989999771118164,15.989999771118164,22485700,AAL
2023-08-08,15.800000190734863,16.219999313354492,15.770000457763672,16.18000030517578,16.18000030517578,25107600,AAL
2023-08-09,16.190000534057617,16.239999771118164,15.720000267028809,15.760000228881836,15.760000228881836,18744600,AAL
2023-08-10,15.930000305175781,16.020000457763672,15.649999618530273,15.760000228881836,15.760000228881836,19104200,AAL
2023-08-11,15.65999984741211,15.75,15.5600004196167,15.649999618530273,15.649999618530273,16049800,AAL
2023-08-14,15.569999694824219,15.880000114440918,15.460000038146973,15.880000114440918,15.880000114440918,23646600,AAL
2023-08-15,15.710000038146973,15.779999732971191,15.510000228881836,15.550000190734863,15.550000190734863,20041500,AAL
2023-08-16,15.579999923706055,15.84000015258789,15.390000343322754,15.4399995803833,15.4399995803833,20012000,AAL
2023-08-17,15.4399995803833,15.460000038146973,15.010000228881836,15.050000190734863,15.050000190734863,22240800,AAL
2023-08-18,14.829999923706055,15.149999618530273,14.800000190734863,15.039999961853027,15.039999961853027,20774600,AAL
2023-08-21,15.0600004196167,15.199999809265137,14.949999809265137,15.15999984741211,15.15999984741211,23656300,AAL
2023-08-22,15.300000190734863,15.329999923706055,14.819999694824219,14.829999923706055,14.829999923706055,25084500,AAL
2023-08-23,14.779999732971191,14.920000076293945,14.569999694824219,14.779999732971191,14.779999732971191,18599700,AAL
2023-08-24,14.65999984741211,14.760000228881836,14.460000038146973,14.569999694824219,14.569999694824219,23360500,AAL
2023-08-25,14.649999618530273,14.710000038146973,14.420000076293945,14.579999923706055,14.579999923706055,15560800,AAL
2023-08-28,14.65999984741211,14.829999923706055,14.569999694824219,14.729999542236328,14.729999542236328,19455200,AAL
2023-08-29,14.739999771118164,14.989999771118164,14.6899995803833,14.899999618530273,14.899999618530273,22186400,AAL
2023-08-30,14.930000305175781,14.949999809265137,14.760000228881836,14.770000457763672,14.770000457763672,19981100,AAL
2023-08-31,14.890000343322754,14.920000076293945,14.680000305175781,14.729999542236328,14.729999542236328,13994500,AAL
2023-09-01,14.800000190734863,14.84000015258789,14.59000015258789,14.680000305175781,14.680000305175781,14713500,AAL
2023-09-05,14.529999732971191,14.529999732971191,14.119999885559082,14.300000190734863,14.300000190734863,25690400,AAL
2023-09-06,14.270000457763672,14.75,14.239999771118164,14.329999923706055,14.329999923706055,25490000,AAL
2023-09-07,14.25,14.260000228881836,13.920000076293945,14.0,14.0,24678300,AAL
2023-09-08,14.0,14.130000114440918,13.90999984741211,13.979999542236328,13.979999542236328,17141500,AAL
2023-09-11,14.020000457763672,14.1899995803833,13.9399995803833,14.09000015258789,14.09000015258789,20957900,AAL
2023-09-12,14.1899995803833,14.289999961853027,14.079999923706055,14.109999656677246,14.109999656677246,20755000,AAL
2023-09-13,13.5,13.729999542236328,13.199999809265137,13.3100004196167,13.3100004196167,58836000,AAL
2023-09-14,13.4399995803833,13.470000267028809,13.149999618530273,13.260000228881836,13.260000228881836,31461300,AAL
2023-09-15,13.220000267028809,13.449999809265137,13.210000038146973,13.3100004196167,13.3100004196167,24956700,AAL
2023-09-18,13.239999771118164,13.270000457763672,13.079999923706055,13.109999656677246,13.109999656677246,21613900,AAL
2023-09-19,13.079999923706055,13.350000381469727,13.050000190734863,13.1899995803833,13.1899995803833,25325000,AAL
2023-09-20,13.319999694824219,13.470000267028809,13.050000190734863,13.0600004196167,13.0600004196167,27822800,AAL
2023-09-21,12.949999809265137,13.270000457763672,12.930000305175781,13.0600004196167,13.0600004196167,24911700,AAL
2023-09-22,13.09000015258789,13.15999984741211,12.859999656677246,12.899999618530273,12.899999618530273,24670900,AAL
2023-09-25,12.8100004196167,12.979999542236328,12.710000038146973,12.90999984741211,12.90999984741211,24618800,AAL
2023-09-26,12.829999923706055,13.039999961853027,12.6899995803833,12.699999809265137,12.699999809265137,25467700,AAL
2023-09-27,12.739999771118164,12.829999923706055,12.5,12.609999656677246,12.609999656677246,29983300,AAL
2023-09-28,12.600000381469727,13.09000015258789,12.5600004196167,12.920000076293945,12.920000076293945,35234200,AAL
2023-09-29,13.020000457763672,13.069999694824219,12.649999618530273,12.8100004196167,12.8100004196167,33956200,AAL
2023-10-02,12.84000015258789,13.100000381469727,12.680000305175781,12.75,12.75,38342700,AAL
2023-10-03,12.649999618530273,12.710000038146973,12.25,12.289999961853027,12.289999961853027,40692300,AAL
2023-10-04,12.399999618530273,12.819999694824219,12.34000015258789,12.729999542236328,12.729999542236328,49738100,AAL
2023-10-05,12.90999984741211,13.010000228881836,12.720000267028809,12.850000381469727,12.850000381469727,36272900,AAL
2023-10-06,12.800000190734863,13.0,12.670000076293945,12.760000228881836,12.760000228881836,31822200,AAL
2023-10-09,12.369999885559082,12.369999885559082,11.9399995803833,12.239999771118164,12.239999771118164,51462700,AAL
2023-10-10,12.399999618530273,12.649999618530273,12.239999771118164,12.260000228881836,12.260000228881836,37144200,AAL
2023-10-11,12.319999694824219,12.680000305175781,12.279999732971191,12.479999542236328,12.479999542236328,35569100,AAL
2023-10-12,12.600000381469727,12.619999885559082,11.930000305175781,12.0600004196167,12.0600004196167,50281200,AAL
2023-10-13,11.869999885559082,12.039999961853027,11.680000305175781,11.720000267028809,11.720000267028809,48056300,AAL
2023-10-16,11.819999694824219,12.050000190734863,11.720000267028809,11.9399995803833,11.9399995803833,35242600,AAL
2023-10-17,11.880000114440918,12.100000381469727,11.880000114440918,11.9399995803833,11.9399995803833,35207300,AAL
2023-10-18,11.739999771118164,11.739999771118164,11.220000267028809,11.359999656677246,11.359999656677246,67141500,AAL
2023-10-19,11.350000381469727,12.010000228881836,11.350000381469727,11.449999809265137,11.449999809265137,63900500,AAL
2023-10-20,11.399999618530273,11.430000305175781,11.039999961853027,11.079999923706055,11.079999923706055,49956600,AAL
